STT,TenKhachSan,SaoDanhGia,Gia,ThongTin
1,Anh Kim Hotel - Near Bui Vien Walking Street,7.0,"VND 531,250","District 1, Ho Chi Minh City"
2,Luxury Hotel Saigon,8.1,"VND 1,055,925","District 1, Ho Chi Minh City"
3,Lotus Airport Hotel Saigon,8.3,"VND 1,254,000","Tan Binh, Ho Chi Minh City"
4,WIN hotel & Apartment,9.4,"VND 446,400","District 7, Ho Chi Minh City (Phu My Hung)"
5,Sanouva Saigon Hotel,8.7,"VND 1,411,707","District 1, Ho Chi Minh City (Le Thanh Ton)"
6,KHKO Charisse Hotel Delhi Darbar,7.3,"VND 499,200","District 1, Ho Chi Minh City (Pham Ngu Lao)"
7,Adora Art Hotel,8.2,"VND 2,256,478","District 1, Ho Chi Minh City"
8,Nicecy Hotel - Apartment Sai Gon City,8.3,"VND 745,344","District 1, Ho Chi Minh City"
9,Asian Ruby Hotel & Spa - 122F Bui Thi Xuân Street,7.5,"VND 1,152,000","District 1, Ho Chi Minh City"
10,Saigon Downtown - Rivergate Residence,8.9,"VND 1,360,000","District 1, Ho Chi Minh City (Bach Dang Riverside)"
11,Nicecy Daily - Bui Vien Walking Street,7.6,"VND 781,285","District 1, Ho Chi Minh City (Pham Ngu Lao)"
12,New Star Inn Boutique Hotel-Near Bến Thành Market,7.0,"VND 700,000","District 3, Ho Chi Minh City"
13,Blue Diamond Airport Hotel,8.1,"VND 800,000","Tan Binh, Ho Chi Minh City"
14,K&T Hotel Sân Bay TSN-150m từ Nhà Ga T3,8.2,"VND 625,000","Tan Binh, Ho Chi Minh City"
15,Brown Dot Hotel Saigon Airport,8.7,"VND 1,050,000","Tan Binh, Ho Chi Minh City"
16,Cherry Hotel and Apartment,7.3,"VND 504,000","Tan Binh, Ho Chi Minh City"
17,Nexus House Lang Bao Chi,9.0,"VND 1,656,000","Thao Dien, Ho Chi Minh City"
18,KunKin Garden Aparthotel,8.5,"VND 2,181,780","Binh Thanh, Ho Chi Minh City (Hang Xanh)"
19,Nguyên Thái,8.7,"VND 342,000","District 12, Ho Chi Minh City"
20,Adora Hotel,7.9,"VND 1,862,827","District 1, Ho Chi Minh City"
21,Vintage Boutique Hotel & Spa,6.9,"VND 825,000","District 1, Ho Chi Minh City"
22,Adora Mira Riverside - Upgrading for your comfort,8.0,"VND 1,852,064","District 1, Ho Chi Minh City (Japanese Area)"
23,Ibis Saigon Airport,8.3,"VND 2,010,000","Tan Binh, Ho Chi Minh City"
24,Galaxy Boutique Sai Gon Central Hotel,8.2,"VND 638,000","District 1, Ho Chi Minh City (Pham Ngu Lao)"
25,Emerald Central,8.2,"VND 1,193,400","District 3, Ho Chi Minh City"
26,Service Apartment By Me in River Gate building,9.3,"VND 1,620,000","District 1, Ho Chi Minh City (Bach Dang Riverside)"
27,K&T Hotel- Aparment SaiGon Center,7.9,"VND 650,000","District 1, Ho Chi Minh City"
28,Lucky Star Hotel 146 Nguyen Trai,8.0,"VND 935,000","District 1, Ho Chi Minh City"
29,Orchids Saigon Hotel,8.9,"VND 6,002,100","District 3, Ho Chi Minh City"
30,Haven Hut Hotel,8.1,"VND 1,137,815","District 1, Ho Chi Minh City"
31,Vinh Hoi Apartments - Luxury Apartment Furnished Suites,9.0,"VND 2,235,552","District 4, Ho Chi Minh City"
32,The Shilla Luxury I Hotel-더신라럭셔리호텔,7.6,"VND 592,106","District 7, Ho Chi Minh City (Phu My Hung)"
33,Nicecy NganHa Hotel,7.7,"VND 1,564,804","District 1, Ho Chi Minh City (Le Thanh Ton)"
34,Vivian Airport Hotel Saigon,8.1,"VND 760,000","Tan Binh, Ho Chi Minh City"
35,Laguna Hotel,7.8,"VND 580,000","District 7, Ho Chi Minh City (Phu My Hung)"
36,Phan Anh Hotel - Bui Vien Walking Street,8.2,"VND 683,400","District 1, Ho Chi Minh City (Pham Ngu Lao)"
37,Townhouse Oak Southern Star Hotel Quang Trung Industrial Zone District 12,8.1,"VND 402,941","District 12, Ho Chi Minh City"
38,Bluesky Serviced Apartment Airport Plaza,8.9,"VND 1,232,000","Tan Binh, Ho Chi Minh City"
39,Lanura Saigon Boutique Hotel,8.3,"VND 798,796","Tan Binh, Ho Chi Minh City"
40,Rosa Hotel - Bùi Viện walking street,7.0,"VND 550,000","District 1, Ho Chi Minh City (Pham Ngu Lao)"
41,The Hotel Nicecy,7.6,"VND 1,415,880","District 1, Ho Chi Minh City (Le Thanh Ton)"
42,Tra My Hotel - SaiGon Center,7.1,"VND 550,000","District 3, Ho Chi Minh City"
43,Anima Saigon Boutique - Vietnamese Contemporary Art Hotel,9.3,"VND 4,724,920","District 1, Ho Chi Minh City"
44,Ramana Saigon Hotel,7.7,"VND 1,341,463","District 3, Ho Chi Minh City"
45,Ipeace Hotel - Bùi Viện Walking Street,7.0,"VND 624,000","District 1, Ho Chi Minh City (Pham Ngu Lao)"
46,La Rose Sai Gon Hotel,8.3,"VND 950,000","District 1, Ho Chi Minh City"
47,Landmark 81 Vinhomes Apartment Service,6.9,"VND 2,295,000","Binh Thanh, Ho Chi Minh City (Hang Xanh)"
48,Nexus House Garden Thao Dien,8.6,"VND 1,728,000","An Phu, Ho Chi Minh City"
49,The Passion Hotel Airport - 5 minutes to Tan Son Nhat,7.7,"VND 722,394","Tan Binh, Ho Chi Minh City"
50,Holiday Inn & Suites Saigon Airport by IHG,8.9,"VND 2,832,947","Tan Binh, Ho Chi Minh City"
51,EEA Central Saigon Hotel,8.3,"VND 1,329,300","District 1, Ho Chi Minh City"
52,S79 My My Hotel 2,8.9,"VND 814,320","District 10, Ho Chi Minh City"
53,RichLane Residences,9.1,"VND 2,416,001","District 7, Ho Chi Minh City"
54,Nicecy Hotel - Trương Quyền,8.8,"VND 2,093,892","District 3, Ho Chi Minh City"
55,Lotus Lalala Inn Hotel,7.7,"VND 783,370","District 3, Ho Chi Minh City"
56,Liberty Central Saigon Centre Hotel,8.2,"VND 4,287,360","District 1, Ho Chi Minh City (Le Thanh Ton)"
57,Prague Saigon Airport Hotel,8.3,"VND 855,000","Tan Binh, Ho Chi Minh City"
58,Victory Sai Gon Hotel,7.9,"VND 1,589,760","District 3, Ho Chi Minh City"
59,Silverland Mây Hotel,9.0,"VND 4,315,142","District 1, Ho Chi Minh City (Le Thanh Ton)"
60,Collection O Emerald Luxury Apartment - Near SECC,8.3,"VND 690,442","District 7, Ho Chi Minh City (Phu My Hung)"
61,Justay Sailing Tower,8.2,"VND 6,020,000","District 1, Ho Chi Minh City"
62,ALUNA Ben Thanh Hotel,7.5,"VND 1,984,500","District 1, Ho Chi Minh City (Le Thanh Ton)"
63,Shogun Hotel,8.5,"VND 1,300,000","District 1, Ho Chi Minh City"
64,Nexus House Nguyen Binh Khiem - Near Saigon Zoo & Botanical Gardens,9.0,"VND 1,441,050","District 1, Ho Chi Minh City"
65,Bros Hotel,7.8,"VND 960,640","District 1, Ho Chi Minh City"
66,Kin Hotel Ly Tu Trong,9.0,"VND 2,565,000","District 1, Ho Chi Minh City (Le Thanh Ton)"
67,The Suite Landmark City View,8.7,"VND 2,049,300","Binh Thanh, Ho Chi Minh City (Hang Xanh)"
68,Silverland Sil Hotel,8.7,"VND 3,688,800","District 1, Ho Chi Minh City (Le Thanh Ton)"
